,question,answer
0,總件數,8864.0
1,總車位數,4716.0
2,平均總價元,15184413.837770758
3,平均車位總價元,1014312.3409669211
